Erreur;Ntotal;Nprocessus;Temps(ms)
9.263250264498116E-5;100000000;1;3154
6.182010566235234E-5;100000000;2;1633
1.7231991509621788E-6;100000000;4;836
5.272917531292216E-5;100000000;8;505
6.660748635058113E-5;100000000;16;533
