Erreur;Ntotal;Nprocessus;Temps(ms)
1.6445594536350025E-4;10000000;1;330
7.991283959305745E-5;20000000;2;345
