Erreur;Ntotal;Nprocessus;Temps(ms)
9.897731644221747E-5;10000000;1;810
8.038801908911496E-5;10000000;2;805
1.6887482128621527E-5;10000000;3;788
1.2049506474822435E-4;10000000;4;840
7.898745558993669E-5;10000000;5;872
1.754058054482548E-4;10000000;6;844
1.4370214078435642E-4;10000000;7;820
1.7766352030685147E-4;10000000;8;972
1.0295847535279047E-4;10000000;9;890
6.574576432459294E-5;10000000;10;821
2.05420142382028E-4;10000000;11;856
1.0486833466987745E-4;10000000;12;945
