Erreur;Ntotal;Nprocessus;Temps(ms)
8.817616423835061E-5;100000000;1;3060
7.175137411128947E-5;100000000;2;1553
4.374418499155864E-5;100000000;4;800
1.1437078253809122E-4;100000000;8;425
5.0386414550711726E-5;100000000;16;486
